variable,definition,unit,category,distribution,median,p05,p95,basis,uncertainty,rationale,notes
rel_valve_rate,"Hydrocarbon release frequency from valve leaks (stem, body, gland)",per platform-year (equipment factor 1.0),process_safety/loss_of_containment,"lognormal(median=0.08, EF=3)",0.08,0.02666666666666665,0.24000000000000005,order_of_magnitude,epistemic,"Total release frequencies of order 0.1-1 per installation-year (all sizes) appear in public offshore release statistics (e.g. UK HSE hydrocarbon release reporting, IOGP Risk Assessment Data Directory). The split by cause is an assumption.",
rel_flange_seal_rate,"Release frequency from flanges, seals and small-bore fittings",per platform-year,process_safety/loss_of_containment,"lognormal(median=0.1, EF=3)",0.1,0.03333333333333332,0.30000000000000004,order_of_magnitude,epistemic,Flanges and small-bore connections are typically the most numerous leak sources; given the largest share (assumption).,
rel_corrosion_rate,Release frequency from pipework corrosion/erosion at nominal inspection effectiveness,per platform-year,process_safety/loss_of_containment,"lognormal(median=0.05, EF=3)",0.05,0.01666666666666666,0.15000000000000002,assumption,epistemic,Smaller share than mechanical joints; sensitive to inspection programme (see inspection mitigation).,
ptw_jobs_per_year,Breaking-containment jobs under permit-to-work per platform-year,jobs per platform-year,human_operational/permit_to_work,fixed 150,150.0,150.0,150.0,assumption,epistemic,Roughly three per week per processing platform (assumption).,
ptw_isolation_failure_prob,"Probability a breaking-containment job has an isolation/PTW failure (wrong isolation, not proven, procedural deviation)",probability per job,human_operational/maintenance_error,"beta(a=1, b=499; mean=0.002)",0.0013881081914711834,0.00010278689018693258,0.0059854866635848285,assumption,epistemic,Order 1e-3 per task is a common human-error screening value for procedural steps with checks; wide prior.,
p_release_given_ptw_failure,Probability an isolation failure results in a hydrocarbon release,probability,human_operational/maintenance_error,"triangular(0.1, 0.3, 0.5)",0.30000000000000004,0.1632455532033676,0.43675444679663245,assumption,epistemic,Many isolation errors are caught at pressure test or bleed-down before a release.,
overpressure_demand_rate,Rate of process upsets demanding pressure protection,per platform-year,process_safety/overpressure,"lognormal(median=0.5, EF=3)",0.5,0.16666666666666657,1.5000000000000002,assumption,epistemic,"Blocked outlets, control-valve failures; assumption.",
psv_pfd,"Probability pressure protection (PSV/HIPPS) fails on demand, leading to loss of containment",probability per demand,process_safety/overpressure,"lognormal(median=0.01, EF=3)",0.01,0.0033333333333333314,0.030000000000000006,assumption,epistemic,Treated as a single protection layer of roughly SIL 2 equivalent (assumption).,
p_large_release,Fraction of releases that are large (> ~10 kg/s),probability,process_safety/release_size,"beta(a=2, b=38; mean=0.05)",0.0426623823774877,0.009188564572327418,0.1159521487579241,order_of_magnitude,epistemic,Public release statistics are dominated by small releases; a few percent are major (assumption within that pattern).,
p_medium_release,Fraction of releases that are medium (~1-10 kg/s),probability,process_safety/release_size,fixed 0.25,0.25,0.25,0.25,assumption,epistemic,Remainder after large are small.,
gd_coverage_small,Probability a small release reaches enough gas detectors to trigger (geometric coverage),probability,fire_protection/gas_detection,"triangular(0.4, 0.6, 0.75)",0.587082869338697,0.45916079783099617,0.698765246170202,assumption,epistemic,"Small releases often dilute below detector thresholds; coverage, not hardware, usually limits detection.",
gd_coverage_medium,Gas detection coverage for medium releases,probability,fire_protection/gas_detection,"triangular(0.75, 0.85, 0.93)",0.8448683298050513,0.78,0.9031671842700025,assumption,epistemic,Assumption.,
gd_coverage_large,Gas detection coverage for large releases,probability,fire_protection/gas_detection,"triangular(0.9, 0.95, 0.99)",0.9474341649025256,0.915,0.9765835921350012,assumption,epistemic,Large clouds nearly always reach several detectors.,
gd_lambda_du,Dangerous-undetected failure rate of a point gas detector,per hour,fire_protection/gas_detection,"lognormal(median=1.5e-06, EF=3)",1.5e-06,4.999999999999998e-07,4.500000000000001e-06,order_of_magnitude,epistemic,Order 1e-6/h is typical of the range in reliability handbooks such as OREDA; value is an assumption.,
gd_beta,Beta-factor for common-cause failure of gas detectors in one zone,fraction,fire_protection/gas_detection,"triangular(0.02, 0.05, 0.1)",0.055278640450004204,0.030954451150103326,0.08585786437626905,engineering_convention,epistemic,Beta factors of 1-10 % are the usual range in beta-factor CCF modelling (e.g. IEC 61508-6 Annex D scheme).,
fd_lambda_du,Dangerous-undetected failure rate of a flame detector,per hour,fire_protection/fire_detection,"lognormal(median=2e-06, EF=3)",2e-06,6.666666666666663e-07,6.000000000000001e-06,order_of_magnitude,epistemic,As gas detectors.,
fd_beta,Beta-factor for flame detectors in one zone,fraction,fire_protection/fire_detection,"triangular(0.02, 0.05, 0.1)",0.055278640450004204,0.030954451150103326,0.08585786437626905,engineering_convention,epistemic,As gas detectors.,
logic_solver_pfd,PFD of the fire & gas / ESD logic solver,probability per demand,fire_protection/esd,fixed 0.0001,0.0001,0.0001,0.0001,assumption,epistemic,Certified safety PLC; small compared with field devices.,
esd_lambda_du,Dangerous-undetected failure rate of an ESD valve (fail to close),per hour,fire_protection/esd,"lognormal(median=2.5e-06, EF=3)",2.5e-06,8.333333333333329e-07,7.500000000000002e-06,order_of_magnitude,epistemic,Order 1e-6/h for actuated valves; assumption.,
esd_beta,Beta-factor for common-cause failure of the two ESD valves,fraction,fire_protection/esd,"triangular(0.05, 0.1, 0.15)",0.1,0.0658113883008419,0.13418861169915808,engineering_convention,epistemic,"Identical valves, same fluid and maintenance crew -> upper part of the usual range.",
proof_test_interval_h,"Proof-test interval for detectors, ESD valves and deluge valves",hours,fire_protection/testing,fixed 8760,8760.0,8760.0,8760.0,engineering_convention,epistemic,Annual full proof test (assumption).,
p_manual_activation_fail,Probability operators fail to activate deluge manually when automatic fire detection fails,probability,fire_protection/fire_detection,"triangular(0.1, 0.3, 0.5)",0.30000000000000004,0.1632455532033676,0.43675444679663245,assumption,epistemic,Manual activation under stress with delayed awareness; judgement.,
deluge_lambda_du,Dangerous-undetected failure rate of a deluge valve set (fail to open / blocked nozzles),per hour,fire_protection/deluge,"lognormal(median=3e-06, EF=3)",3e-06,9.999999999999995e-07,9.000000000000002e-06,assumption,epistemic,Deluge valve tests commonly reveal failures; assumption.,
fw_elec_pump_fts,Probability an electric-motor firewater pump fails to start on demand,probability per demand,fire_protection/firewater,"beta(a=1, b=99; mean=0.01)",0.0069770333676225605,0.0005179798867979509,0.029806673773350886,synthetic_calibrated,epistemic,Generic prior; optionally replaced by the Beta posterior from synthetic weekly start tests.,
fw_diesel_pump_fts,Probability the diesel-driven standby firewater pump fails to start on demand,probability per demand,fire_protection/firewater,"beta(a=1, b=49; mean=0.02)",0.014046278251899934,0.0010462542202700179,0.059306014189697054,synthetic_calibrated,epistemic,Diesel drivers are generally less reliable to start than electric motors; generic prior updated with synthetic tests.,
fw_pump_maint_unavail,Fraction of time a firewater pump is out of service for maintenance,fraction of time,fire_protection/firewater,"triangular(0.01, 0.02, 0.05)",0.025505102572168224,0.01447213595499958,0.04225403330758516,assumption,epistemic,About one week per year per pump.,
fw_pump_ftr_per_h,Firewater pump fail-to-run rate during a fire,per hour,fire_protection/firewater,"lognormal(median=5e-05, EF=3)",5e-05,1.6666666666666657e-05,0.00015000000000000004,assumption,epistemic,Combined with a 6 h mission time.,
fw_mission_time_h,Required firewater run time during a fire,hours,fire_protection/firewater,fixed 6,6.0,6.0,6.0,assumption,epistemic,Duration of a sustained fire until inventory is blown down and fire is out.,
fw_elec_ccf_beta,Beta-factor for common-cause failure to start of the two electric firewater pumps,fraction,fire_protection/firewater,"triangular(0.05, 0.1, 0.2)",0.11339745962155613,0.06936491673103709,0.17261387212474172,engineering_convention,epistemic,"Same room, same switchboard, same maintenance -> high beta.",
fw_header_fail,"Probability the firewater ring main/header cannot deliver (impaired section, blockage, closed isolation valve)",probability per demand,fire_protection/firewater,"lognormal(median=0.002, EF=5)",0.002,0.00039999999999999975,0.009999999999999998,assumption,epistemic,Single series element for all pumps; very uncertain.,
p_ign_small,"Ignition probability of a small, unisolated release",probability,process_safety/ignition,"triangular(0.005, 0.01, 0.02)",0.011339745962155614,0.0069364916731037085,0.017261387212474166,order_of_magnitude,epistemic,Ignition probability rises with release rate; published ignition models (e.g. IOGP RADD ignition data) give values of order 1 % for small and 10 %+ for large releases.,
p_ign_medium,"Ignition probability of a medium, unisolated release",probability,process_safety/ignition,"triangular(0.02, 0.04, 0.08)",0.045358983848622456,0.027745966692414834,0.06904554884989667,order_of_magnitude,epistemic,See p_ign_small.,
p_ign_large,"Ignition probability of a large, unisolated release",probability,process_safety/ignition,"triangular(0.06, 0.12, 0.25)",0.13886944614553565,0.08387467277262664,0.21485743321838882,order_of_magnitude,epistemic,See p_ign_small.,
ign_isolation_factor,"Multiplier on ignition probability when the release is isolated (shorter duration, smaller cloud)",multiplier,process_safety/ignition,"triangular(0.3, 0.5, 0.7)",0.5,0.3632455532033676,0.6367544467966324,assumption,epistemic,Judgement.,
p_exp_small,Probability an ignited small gas release leads to an explosion (delayed ignition in congestion),probability,process_safety/explosion,"triangular(0.01, 0.02, 0.05)",0.025505102572168224,0.01447213595499958,0.04225403330758516,assumption,epistemic,Small clouds rarely reach congested volumes of significance.,
p_exp_medium,"Explosion probability given ignition, medium gas release",probability,process_safety/explosion,"triangular(0.08, 0.15, 0.25)",0.1578045554270711,0.10439262183530093,0.22084524052577348,assumption,epistemic,Judgement.,
p_exp_large,"Explosion probability given ignition, large gas release",probability,process_safety/explosion,"triangular(0.15, 0.3, 0.45)",0.30000000000000004,0.1974341649025257,0.40256583509747434,assumption,epistemic,Judgement.,
liquid_explosion_factor,Multiplier on explosion probability for liquid (two-phase / oil) releases,multiplier,process_safety/explosion,fixed 0.2,0.2,0.2,0.2,assumption,epistemic,Liquid releases mainly give pool fires; flashing fraction can still explode.,
p_er_delayed,Probability the emergency response to a fire/explosion is materially delayed,probability,human_operational/emergency_response,"triangular(0.1, 0.2, 0.35)",0.21306936062370846,0.1353553390593274,0.30669872981077806,assumption,epistemic,"Judgement (night shift, muster issues, communication failure).",
er_delay_escalation_multiplier,Multiplier on escalation probability when response is delayed,multiplier,human_operational/emergency_response,"triangular(1.5, 2, 3)",2.133974596215561,1.6936491673103709,2.726138721247417,assumption,epistemic,Judgement.,
esc_major_fire,Probability a major fire escalates across one bridge to an adjacent platform,probability per adjacent platform,process_safety/escalation,"triangular(0.02, 0.05, 0.1)",0.055278640450004204,0.030954451150103326,0.08585786437626905,assumption,epistemic,Bridges provide separation distance; escalation requires prolonged impingement.,
esc_explosion,Probability an explosion escalates to an adjacent platform,probability per adjacent platform,process_safety/escalation,"triangular(0.05, 0.12, 0.25)",0.1359824574900862,0.07645751311064591,0.21394448724536008,assumption,epistemic,Judgement.,
esc_catastrophic,Probability a catastrophic event escalates to an adjacent platform,probability per adjacent platform,process_safety/escalation,"triangular(0.2, 0.35, 0.5)",0.35,0.24743416490252568,0.4525658350974743,assumption,epistemic,Judgement.,
comp_weibull_shape,Weibull (power-law NHPP) shape parameter for compressor train failures,dimensionless,mechanical/compressor,"triangular(1.2, 1.6, 2.2)",1.6522774424948339,1.3414213562373094,2.0267949192431125,assumption,epistemic,Shape > 1 represents wear-out between overhauls.,
comp_weibull_scale_years,Weibull scale (years since overhaul at which expected cumulative failures = 1),years,mechanical/compressor,"triangular(2.5, 3.5, 5)",3.630693606237085,2.853553390593274,4.56698729810778,synthetic_calibrated,epistemic,Gives roughly 0.3-0.5 failures per train-year at mid-cycle.,
comp_age_years,Age of compressor trains since last major overhaul at the start of the year,years,mechanical/compressor,fixed 2,2.0,2.0,2.0,assumption,epistemic,Mid-way through a ~4 year overhaul cycle.,
comp_production_impact,Fraction of complex production lost while one compressor train is down,fraction,mechanical/compressor,"triangular(0.25, 0.4, 0.5)",0.3869306393762916,0.2933012701892219,0.4646446609406726,assumption,epistemic,Gas handling constraint forces choke-back (flaring limits).,
comp_repair_days,Median repair duration of a compressor failure,days,mechanical/compressor,"triangular(3, 7, 14)",7.7951631770045715,4.483239697419132,12.03785831296514,assumption,epistemic,Depends on spares availability.,
gen_lambda_per_h,Failure/trip rate of one gas-turbine generator,per hour,mechanical/generator,"lognormal(median=0.00015, EF=2)",0.00015,7.499999999999998e-05,0.0003,order_of_magnitude,epistemic,Of order one forced outage per machine-year including trips; assumption.,
gen_mttr_h,Mean time to restore a failed generator,hours,mechanical/generator,"triangular(8, 24, 72)",32.808164115469154,15.155417527999326,59.60645329213626,assumption,epistemic,Most trips are restarted in hours; some need parts.,
gen_ccf_beta,"Beta-factor for common-cause loss of all generators (fuel gas, control system, switchboard)",fraction,mechanical/generator,"triangular(0.02, 0.05, 0.1)",0.055278640450004204,0.030954451150103326,0.08585786437626905,engineering_convention,epistemic,Shared fuel gas and switchboard.,
power_restart_days,Median time to restore production after a total power loss,days,mechanical/generator,"triangular(1, 2, 4)",2.2679491924311224,1.3872983346207417,3.4522774424948337,assumption,epistemic,"Black start, restart sequence.",
pipeline_rate_per_km_yr,Export pipeline loss-of-containment frequency,per km-year,mechanical/pipeline,"lognormal(median=0.0005, EF=3)",0.0005,0.00016666666666666658,0.0015000000000000002,order_of_magnitude,epistemic,Order 1e-4 to 1e-3 per km-year is the range suggested by public pipeline loss-of-containment compilations (e.g. PARLOC-type studies); value is an assumption.,
pipeline_repair_days,Median outage duration for an export pipeline repair,days,mechanical/pipeline,"triangular(20, 45, 90)",50.31373033403114,29.354143466934854,77.45009960198885,assumption,epistemic,Mobilising a repair spread and clamp.,
pipeline_repair_cost_usd,Median direct repair cost of a pipeline failure,USD,mechanical/pipeline,"triangular(4e+06, 8e+06, 1.5e+07)",8795163.177004572,5483239.697419133,13037858.31296514,assumption,epistemic,Vessel spread and repair clamp.,
spurious_trip_rate,"Rate of spurious platform trips (instrument failures, procedural deviations)",per complex-year,mechanical/instrumentation,"lognormal(median=3, EF=2)",3.0,1.4999999999999996,6.0,assumption,epistemic,Several unplanned trips per year across the complex is typical of mature assets (judgement).,
weather_rate,Rate of extreme weather events requiring precautionary shut-in and de-manning,per year,external/weather,"lognormal(median=0.4, EF=2)",0.4,0.19999999999999996,0.8,assumption,epistemic,Fictional basin with a cyclone season.,
weather_damage_prob,Probability an extreme weather event causes structural/topsides damage,probability per event,external/weather,"triangular(0.02, 0.05, 0.1)",0.055278640450004204,0.030954451150103326,0.08585786437626905,assumption,epistemic,Judgement.,
collision_rate,Rate of significant vessel impacts on the complex,per year,external/marine_collision,"lognormal(median=0.01, EF=3)",0.01,0.0033333333333333314,0.030000000000000006,assumption,epistemic,Mostly attendant/supply vessel impacts.,
p_riser_rupture_given_collision,"Probability a collision ruptures a riser, giving a large hydrocarbon release on WHP",probability,external/marine_collision,"triangular(0.05, 0.1, 0.2)",0.11339745962155613,0.06936491673103709,0.17261387212474172,assumption,epistemic,Riser guards reduce but do not remove this.,
dt_minor_fire_days,Median platform downtime after a minor (controlled) fire,days,consequence/downtime,"triangular(7, 14, 30)",16.435340033749462,9.837252191822222,25.710477882094555,assumption,epistemic,"Investigation, repair of local damage.",
dt_major_fire_days,Median platform downtime after a major fire,days,consequence/downtime,"triangular(45, 90, 180)",102.05771365940052,62.428425057933374,155.35248491226753,assumption,epistemic,"Replacement of damaged modules, cabling, structural checks.",
dt_explosion_days,Median platform downtime after an explosion,days,consequence/downtime,"triangular(90, 150, 270)",166.07695154586736,113.2379000772445,237.13664654969003,assumption,epistemic,Blast damage to structure and equipment.,
dt_catastrophic_days,Median platform downtime after a catastrophic event,days,consequence/downtime,"triangular(270, 365, 600)",403.0863133248478,309.5916657896583,537.730424764577,assumption,epistemic,Major rebuild.,
dt_escalated_days,Median downtime of a platform damaged by escalation from a neighbour,days,consequence/downtime,"triangular(30, 60, 120)",68.03847577293368,41.61895003862225,103.56832327484501,assumption,epistemic,Judgement.,
dmg_major_fire,Mean damage fraction (of platform replacement value) for a major fire,fraction,consequence/damage,"triangular(0.03, 0.06, 0.12)",0.06803847577293368,0.041618950038622246,0.103568323274845,assumption,epistemic,Judgement.,
dmg_explosion,Mean damage fraction for an explosion,fraction,consequence/damage,"triangular(0.06, 0.12, 0.25)",0.13886944614553565,0.08387467277262664,0.21485743321838882,assumption,epistemic,Judgement.,
dmg_catastrophic,Mean damage fraction for a catastrophic event,fraction,consequence/damage,"triangular(0.25, 0.45, 0.7)",0.46282917548737157,0.3170820393249937,0.625,assumption,epistemic,Judgement.,
bi_value_fraction,Economic loss per deferred barrel as a fraction of the oil price,fraction,financial/business_interruption,"triangular(0.3, 0.5, 0.8)",0.5261387212474169,0.37071067811865477,0.7133974596215561,assumption,epistemic,"Deferred production is partly recovered later; bundles time value, permanent loss and avoided variable cost.",
production_rate_factor,Actual production relative to nominal platform capacity,multiplier,financial/production,"triangular(0.85, 1, 1.1)",0.9869306393762916,0.8933012701892219,1.0646446609406728,assumption,epistemic,Reservoir performance uncertainty over the year.,
