period,mean,lo,hi,width
prior,0.01,0.0005179798867979508,0.029806673773350886,0.029288693886552936
2014,0.00980392156862745,0.0017533387434176641,0.023154401518737797,0.021401062775320133
2015,0.016233766233766232,0.006438780662578464,0.029566453927851316,0.023127673265272854
2016,0.019417475728155338,0.009721550236333665,0.031751553663549766,0.022030003427216102
2017,0.02131782945736434,0.01202357693192946,0.032713738294025574,0.020690161362096116
2018,0.024115755627009645,0.01494692744787332,0.035019931613920495,0.020073004166047174
2019,0.024793388429752067,0.01610724419043235,0.034964878316661334,0.018857634126228984
2020,0.024096385542168676,0.016044616235173618,0.033449544080273015,0.017404927845099397
2021,0.02676659528907923,0.018697066269014753,0.03598665627151798,0.017289590002503227
2022,0.02601156069364162,0.018440199571854676,0.034619925078966426,0.01617972550711175
2023,0.02626970227670753,0.018987472617047342,0.03449412079623606,0.015506648179188717
2024,0.027243589743589744,0.02012108751537229,0.03522662572984774,0.015105538214475453
2025,0.027366863905325445,0.02048946223511233,0.03503846815465467,0.014549005919542338
