n_years,seed,eal,median,p95,p99,es99,se_eal
10000,1,22831002.334558815,13380324.5327807,62593157.36673299,178714580.38905945,359073462.1041211,457861.13906056946
10000,2,22894736.862292085,13467595.719275571,59700724.745855406,193471901.32485273,380476736.6097668,474064.40629832924
10000,3,22834063.527195625,13680725.363792684,59644045.89522233,187778239.8295931,376293518.135367,472521.891372563
10000,4,23237807.965404965,13574038.47538336,61168883.737366356,203844229.95636863,396398367.68289876,468868.0049396847
10000,5,22220205.005923253,13491562.46093957,62199479.12243867,169040867.5831209,306097337.73904413,386967.5602948127
50000,1,22380004.285143886,13532094.358683102,60809898.36424438,176602945.5382973,342501840.1780743,193888.76189220083
50000,2,22522925.652441304,13597998.251725052,60703967.49262631,183508933.96781388,352365289.71495616,202381.2933743564
50000,3,22203173.98733,13416661.027203873,60046594.500504725,179672535.11708206,337712216.4265561,190254.11264292465
50000,4,22232630.814222608,13520164.594407849,60129570.92975749,174583684.0947574,338094488.38962376,190534.13620422935
50000,5,22729906.779531024,13458310.090185754,60559869.609999605,181593620.75721228,371122529.99189746,208585.00846687486
100000,1,22348758.187045295,13489153.258307507,60728439.31442321,178973119.24456993,344071708.995908,136759.88692978985
100000,2,22549827.433200922,13614857.028368082,60923134.634121336,181582378.59196967,350337389.4752067,139634.91587215848
100000,3,22279956.006890118,13392034.112035006,60194779.78851838,181733869.63906315,344600861.9395704,136908.41381862026
100000,4,22536554.16894669,13545654.249954596,60956658.655848905,181233918.03688014,352310217.5413819,138469.12046387183
100000,5,22544383.606128573,13484945.599647375,60507738.9585803,183203026.5913917,357003054.8172562,142469.08482444863
