basic_event,probability,birnbaum,fussell_vesely,raw,rrw
DELUGE_VALVE_FAIL,0.01314,0.9937324769336207,0.6756807947577015,51.745993083301364,3.083382000929921
POWER_LOSS,0.1,0.037506995579911155,0.1940836733853498,2.746753060468148,1.2408236028678337
DPUMP_1_MAINT,0.025505102572168224,0.10197439393512675,0.13458446530342505,6.142181817937493,1.1555142702061756
HEADER_FAIL,0.002,0.9826401124115358,0.10169537692044063,51.745993083301364,1.113208119281196
DPUMP_1_FTS,0.012836528772848172,0.10066572503391415,0.0668660933929459,6.142181817937493,1.0716575540975422
FIRE_DETECTION_FAIL,0.0008581936457063838,0.29427821396400206,0.01306833119038108,16.214650093157147,1.013241373849259
MANUAL_ACTIVATION_FAIL,0.30000000000000004,0.0008418256443124099,0.01306833119038108,1.0304927727775546,1.013241373849259
CCF_ELEC_PUMPS,0.003076936657616457,0.03386048258202125,0.005391237018369873,2.746753060468148,1.0054204600029946
EPUMP_2_MAINT,0.025505102572168224,0.0016254272390546255,0.0021452175140868946,1.0819641291554434,1.0021498293656945
EPUMP_1_MAINT,0.025505102572168224,0.0016254272390546255,0.0021452175140868946,1.0819641291554434,1.0021498293656945
EPUMP_1_FTS,0.02405715142412,0.0016230156846891684,0.0020204292385719467,1.0819641291554434,1.002024519637241
EPUMP_2_FTS,0.02405715142412,0.0016230156846891684,0.0020204292385719467,1.0819641291554434,1.002024519637241
DPUMP_1_FTR,0.00029995500449966255,0.09940334308829994,0.0015428859667087373,6.142181817937493,1.0015452701423262
EPUMP_1_FTR,0.00029995500449966255,0.001584445813050006,2.459292750803098e-05,1.0819641291554434,1.000024593532335
EPUMP_2_FTR,0.00029995500449966255,0.001584445813050006,2.459292750803098e-05,1.0819641291554434,1.000024593532335
