cut_set,order,probability
DELUGE_VALVE_FAIL,1,0.01314
DPUMP_C_MAINT AND POWER_LOSS,2,0.0025505102572168227
HEADER_FAIL,1,0.002
DPUMP_C_FTS AND POWER_LOSS,2,0.0012836528772848174
FIRE_DETECTION_FAIL AND MANUAL_ACTIVATION_FAIL,2,0.0002574580937119152
CCF_ELEC_PUMPS AND DPUMP_C_MAINT,2,7.84775850605722e-05
CCF_ELEC_PUMPS AND DPUMP_C_FTS,2,3.949718593772494e-05
DPUMP_C_FTR AND POWER_LOSS,2,2.9995500449966258e-05
DPUMP_C_MAINT AND EPUMP_A_MAINT AND EPUMP_B_MAINT,3,1.6591330834562583e-05
DPUMP_C_MAINT AND EPUMP_A_FTS AND EPUMP_B_MAINT,3,1.564942376080834e-05
DPUMP_C_MAINT AND EPUMP_A_MAINT AND EPUMP_B_FTS,3,1.564942376080834e-05
DPUMP_C_MAINT AND EPUMP_A_FTS AND EPUMP_B_FTS,3,1.4760989729357616e-05
DPUMP_C_FTS AND EPUMP_A_MAINT AND EPUMP_B_MAINT,3,8.350293633796604e-06
DPUMP_C_FTS AND EPUMP_A_FTS AND EPUMP_B_MAINT,3,7.876238796362255e-06
DPUMP_C_FTS AND EPUMP_A_MAINT AND EPUMP_B_FTS,3,7.876238796362254e-06
DPUMP_C_FTS AND EPUMP_A_FTS AND EPUMP_B_FTS,3,7.429096544131539e-06
CCF_ELEC_PUMPS AND DPUMP_C_FTR,2,9.229425489805211e-07
DPUMP_C_FTR AND EPUMP_A_MAINT AND EPUMP_B_MAINT,3,1.9512380713054854e-07
DPUMP_C_MAINT AND EPUMP_A_MAINT AND EPUMP_B_FTR,3,1.9512380713054854e-07
DPUMP_C_MAINT AND EPUMP_A_FTR AND EPUMP_B_MAINT,3,1.9512380713054854e-07
DPUMP_C_FTR AND EPUMP_A_MAINT AND EPUMP_B_FTS,3,1.840464260556525e-07
DPUMP_C_FTR AND EPUMP_A_FTS AND EPUMP_B_MAINT,3,1.840464260556525e-07
DPUMP_C_MAINT AND EPUMP_A_FTS AND EPUMP_B_FTR,3,1.840464260556525e-07
DPUMP_C_MAINT AND EPUMP_A_FTR AND EPUMP_B_FTS,3,1.840464260556525e-07
DPUMP_C_FTR AND EPUMP_A_FTS AND EPUMP_B_FTS,3,1.735979194030168e-07
DPUMP_C_FTS AND EPUMP_A_FTR AND EPUMP_B_MAINT,3,9.820436351556435e-08
DPUMP_C_FTS AND EPUMP_A_MAINT AND EPUMP_B_FTR,3,9.820436351556435e-08
DPUMP_C_FTS AND EPUMP_A_FTR AND EPUMP_B_FTS,3,9.262919985984655e-08
DPUMP_C_FTS AND EPUMP_A_FTS AND EPUMP_B_FTR,3,9.262919985984655e-08
DPUMP_C_FTR AND EPUMP_A_FTR AND EPUMP_B_MAINT,3,2.2947707142218086e-09
DPUMP_C_FTR AND EPUMP_A_MAINT AND EPUMP_B_FTR,3,2.2947707142218086e-09
DPUMP_C_MAINT AND EPUMP_A_FTR AND EPUMP_B_FTR,3,2.2947707142218086e-09
DPUMP_C_FTR AND EPUMP_A_FTR AND EPUMP_B_FTS,3,2.164494198737776e-09
DPUMP_C_FTR AND EPUMP_A_FTS AND EPUMP_B_FTR,3,2.164494198737776e-09
DPUMP_C_FTS AND EPUMP_A_FTR AND EPUMP_B_FTR,3,1.1549410639242698e-09
DPUMP_C_FTR AND EPUMP_A_FTR AND EPUMP_B_FTR,3,2.6987853036953334e-11
