parameter,S1,above_null
bi_value_fraction,0.2508935365584968,True
pipeline_rate_per_km_yr,0.09557273735878145,True
comp_production_impact,0.08827168448685281,True
comp_weibull_scale_years,0.07612157517623903,True
rel_valve_rate,0.07244361484524524,True
rel_flange_seal_rate,0.07131451181805042,True
ptw_isolation_failure_prob,0.05731038029142975,True
weather_rate,0.049690175102911446,True
production_rate_factor,0.045295636096975775,True
dmg_explosion,0.04095580423066475,False
comp_repair_days,0.04050923948376788,False
p_er_delayed,0.03816289060362128,False
pipeline_repair_days,0.036131432507314765,False
fd_beta,0.03292289908488751,False
gd_coverage_small,0.03255472162354389,False
gd_coverage_large,0.03185731854985409,False
p_ign_large,0.03160784659005341,False
psv_pfd,0.030733480648166285,False
p_ign_small,0.02920851686508083,False
pipeline_repair_cost_usd,0.02890622668886562,False
p_exp_large,0.02731500013054264,False
esc_major_fire,0.027147419094486328,False
rel_corrosion_rate,0.02615175581496649,False
dt_minor_fire_days,0.02512630828305759,False
fd_lambda_du,0.024867281875629706,False
dt_escalated_days,0.02432490679803579,False
esc_catastrophic,0.023867964490444166,False
p_ign_medium,0.02370083757817938,False
dmg_major_fire,0.02363798750944611,False
dmg_catastrophic,0.02321104731742292,False
comp_weibull_shape,0.022960846370117343,False
esd_beta,0.02157340116187578,False
dt_major_fire_days,0.021413196425981367,False
gen_mttr_h,0.021367155405809416,False
gen_ccf_beta,0.02129204649113381,False
fw_pump_maint_unavail,0.02127150422719776,False
ign_isolation_factor,0.020843830576120666,False
esc_explosion,0.020123578193163946,False
p_manual_activation_fail,0.02003999079490907,False
deluge_lambda_du,0.02003667151943769,False
p_exp_medium,0.01955022544082631,False
p_release_given_ptw_failure,0.018678654337065358,False
dt_catastrophic_days,0.017829364738645426,False
p_riser_rupture_given_collision,0.01771303909064881,False
p_large_release,0.017633785372934037,False
spurious_trip_rate,0.016974085852606267,False
esd_lambda_du,0.016439769773028665,False
fw_elec_ccf_beta,0.01638796824918801,False
fw_pump_ftr_per_h,0.016119686287839784,False
fw_diesel_pump_fts,0.01605538470797911,False
er_delay_escalation_multiplier,0.014717969692796823,False
p_exp_small,0.014578900061994809,False
gd_beta,0.014007169913806435,False
gen_lambda_per_h,0.011896389597961252,False
weather_damage_prob,0.011240274547575348,False
dt_explosion_days,0.01121116510203313,False
overpressure_demand_rate,0.010947817800429449,False
fw_header_fail,0.010486972051043939,False
power_restart_days,0.008932453267820491,False
fw_elec_pump_fts,0.008557656664020846,False
collision_rate,0.00842184362499814,False
gd_coverage_medium,0.007179133130111548,False
gd_lambda_du,0.0034321381288319997,False
