loss,model_a,model_b
1000000.0,0.97837,0.97684
1048965.4764784423,0.97709,0.97541
1100328.5708436456,0.97538,0.97376
1154206.6835978483,0.97372,0.97207
1210722.9638148197,0.97195,0.97005
1270006.5906214041,0.9698,0.96795
1332193.0684619434,0.96753,0.96563
1397424.5368204606,0.96524,0.96321
1465850.095108541,0.96262,0.96071
1537626.1434615008,0.96004,0.95805
1612916.7402218028,0.95722,0.95501
1691893.9769268194,0.95437,0.95176
1774738.371658048,0.95155,0.94831
1861639.2816508592,0.9482,0.94468
1952795.3361078787,0.94464,0.94098
2048414.8902052809,0.94098,0.93723
2148716.5013297186,0.9373,0.93304
2253929.42863442,0.93345,0.92915
2364294.157056288,0.92934,0.92461
2480062.946991746,0.92466,0.9197
2601500.4108877266,0.91981,0.91476
2728884.118065708,0.91458,0.90957
2862505.2291612495,0.90924,0.90412
3002669.1616291567,0.90367,0.89811
3149696.287835453,0.89771,0.89168
3303922.6673316974,0.89159,0.88596
3465700.81498552,0.88594,0.8795
3635400.506723012,0.87957,0.8726700000000001
3813409.624724675,0.87252,0.86583
4000135.0440067966,0.86521,0.85827
4196003.562414705,0.85745,0.85008
4401462.876153582,0.84952,0.84163
4616982.603086618,0.84118,0.83317
4843055.356139433,0.83205,0.82406
5080197.869264272,0.82304,0.8145
5328952.178537565,0.81321,0.80461
5589886.861090491,0.80304,0.79401
5863598.334704371,0.7922899999999999,0.78282
6150712.221041371,0.78127,0.77117
6451884.7756264405,0.76884,0.75936
6767804.3878489975,0.75617,0.74623
7099193.154412917,0.7425200000000001,0.73264
7446808.529831241,0.72879,0.7196899999999999
7811445.057738157,0.71477,0.70514
8193936.186975479,0.69992,0.68921
8595156.176604684,0.68406,0.67381
9016022.09419876,0.6684,0.6572100000000001
9457495.911981367,0.65048,0.64055
9920586.705604455,0.63308,0.6235299999999999
10406352.960590078,0.61476,0.60589
10915904.991708219,0.5956699999999999,0.5884199999999999
11450407.48082062,0.57622,0.56949
12011082.138991322,0.556,0.55003
12599210.49894874,0.5356000000000001,0.53037
13216136.844281958,0.51542,0.51155
13863271.282066522,0.49371,0.49192
14542092.965942817,0.47228000000000003,0.47109999999999996
15254153.47701401,0.45072,0.45125000000000004
16001080.37029129,0.42878000000000005,0.43133999999999995
16784580.89479242,0.40712000000000004,0.41103999999999996
17606445.89579689,0.38517,0.39088
18468553.908176504,0.36454,0.36988
19372875.450158164,0.34333,0.35038
20321477.527332675,0.32301,0.33082
21316528.35720448,0.30340999999999996,0.31182
22360302.325081225,0.28406,0.29242999999999997
23455185.18263085,0.26564,0.27315999999999996
24603679.50098847,0.24644999999999995,0.25493
25808410.390877254,0.22901000000000005,0.23755000000000004
27072131.502817743,0.21214,0.22099999999999997
28397731.321140263,0.19538,0.20509999999999995
29788239.76618668,0.18018999999999996,0.18989999999999996
31246835.119792096,0.16481,0.17542999999999997
32776851.289876044,0.15003,0.16161999999999999
34381785.430747874,0.13721000000000005,0.14827
36065305.93654401,0.12475999999999998,0.13592000000000004
37831260.82606768,0.11387000000000003,0.12441000000000002
39683686.53819632,0.10326000000000002,0.11380000000000001
41626817.15796025,0.09330000000000005,0.10372000000000003
43665094.09438077,0.08440000000000003,0.09426999999999996
45803176.23218814,0.07626,0.08640000000000003
48045950.58062331,0.06879999999999997,0.07877999999999996
50398543.44366322,0.06233999999999995,0.07213000000000003
52866332.13720167,0.05689999999999995,0.06571000000000005
55454957.27996733,0.05195000000000005,0.05989999999999995
58170335.6862726,0.04715999999999998,0.05486000000000002
61018673.89006188,0.04312000000000005,0.05056000000000005
64006482.331171446,0.039529999999999954,0.046009999999999995
67140590.23622626,0.03652999999999995,0.041810000000000014
70428161.22818694,0.03366999999999998,0.03839999999999999
73876709.70022567,0.030919999999999948,0.03544000000000003
77494117.99135678,0.028830000000000022,0.03281999999999996
81288654.4030802,0.02697000000000005,0.030259999999999954
85268992.09821844,0.02522000000000002,0.02800999999999998
89444228.92514426,0.023739999999999983,0.026089999999999947
93823908.21271081,0.022419999999999995,0.024229999999999974
98418040.58341584,0.02122999999999997,0.022780000000000022
103237126.83465748,0.019669999999999965,0.021159999999999957
108292181.94038185,0.018589999999999995,0.01966000000000001
113594760.22798283,0.017549999999999955,0.018410000000000037
119156981.78800042,0.01644000000000001,0.017310000000000048
124991560.17698294,0.015449999999999964,0.01641999999999999
131111831.4768328,0.014510000000000023,0.015490000000000004
137531784.77705717,0.01373000000000002,0.014569999999999972
144266094.14959636,0.013009999999999966,0.01368999999999998
151330152.18931517,0.012249999999999983,0.012780000000000014
158740105.19682017,0.011480000000000046,0.011880000000000002
166512890.08402056,0.010689999999999977,0.011220000000000008
174666273.0867871,0.00992000000000004,0.01044999999999996
183218890.37319538,0.00934999999999997,0.009739999999999971
192190290.64017037,0.008909999999999973,0.009020000000000028
201600979.79589665,0.008380000000000054,0.008440000000000003
211472467.83012354,0.007830000000000004,0.007990000000000053
221827317.9794976,0.007419999999999982,0.007340000000000013
232689198.30029866,0.006909999999999972,0.006759999999999988
244082935.76645955,0.006419999999999981,0.006269999999999998
256034573.01652128,0.005850000000000022,0.005839999999999956
268571427.8792298,0.005519999999999969,0.005469999999999975
281722155.81383073,0.005170000000000008,0.005079999999999973
295516815.40778893,0.0046800000000000175,0.0047599999999999865
309986937.0816232,0.0042799999999999505,0.004290000000000016
325165595.1579178,0.003950000000000009,0.003990000000000049
341087483.45922154,0.0035199999999999676,0.0036599999999999966
357788994.60763514,0.0032200000000000006,0.003410000000000024
375308303.20734084,0.002889999999999948,0.0030999999999999917
393685453.100204,0.002630000000000021,0.002809999999999979
412962448.893887,0.0023499999999999632,0.0024999999999999467
433183351.9716806,0.0021400000000000308,0.0021900000000000253
454394381.2035027,0.0018099999999999783,0.0019200000000000328
476644018.58825916,0.0016000000000000458,0.0017300000000000093
499983120.0690328,0.0014399999999999968,0.0014699999999999713
524465031.77439123,0.0013199999999999878,0.0012999999999999678
550145711.9515058,0.0012100000000000444,0.0011200000000000099
577083858.8697832,0.0010700000000000154,0.0010299999999999754
605341044.9873602,0.0009900000000000464,0.0008899999999999464
634981857.6871245,0.0008299999999999974,0.0007700000000000484
666074046.903941,0.0007599999999999829,0.0007099999999999884
698688679.9805169,0.0006899999999999684,0.0006099999999999994
732900304.1058569,0.0006099999999999994,0.0005500000000000504
768787116.7075955,0.0005899999999999794,0.0005399999999999849
806431144.1876707,0.0005399999999999849,0.0004899999999999904
845918429.4098754,0.0004899999999999904,0.00046000000000001595
887339228.3678256,0.00041999999999997595,0.00038000000000004697
930788216.4828695,0.00038000000000004697,0.00031999999999998696
976364705.0034728,0.00031999999999998696,0.00026999999999999247
1024172868.0007017,0.00029000000000001247,0.00019000000000002348
1074321980.478649,0.00021000000000004349,0.000160000000000049
1126926668.1440496,0.00017999999999995797,0.00014999999999998348
1182107169.4059865,0.00014999999999998348,0.000140000000000029
1239989610.2045336,0.000140000000000029,0.00012000000000000899
1300706292.2965164,0.0001100000000000545,0.0001100000000000545
1364395995.6573236,9.00000000000345e-05,9.999999999998899e-05
1431204295.689963,7.00000000000145e-05,7.999999999996898e-05
1501283895.9664156,7.00000000000145e-05,7.999999999996898e-05
1574794977.2618237,4.999999999999449e-05,5.999999999994898e-05
1651905563.6793065,2.999999999997449e-05,5.999999999994898e-05
1732791906.7022536,2.999999999997449e-05,5.999999999994898e-05
1817638888.0519183,2.0000000000020002e-05,4.0000000000040004e-05
1906640442.2711265,2.0000000000020002e-05,9.99999999995449e-06
2000000000.0,9.99999999995449e-06,9.99999999995449e-06
