mitigation,name,capex_usd,opex_usd_per_year,life_years,annualised_cost_usd,baseline_eal,baseline_p95,baseline_p99,baseline_es99,residual_eal,residual_p95,residual_p99,residual_es99,reduction_eal,reduction_p95,reduction_p99,reduction_es99,reduction_eal_se,reduction_downtime_days,residual_pfd_fire_protection_PPA,residual_power_loss_rate,cost_per_usd_eal_reduction,benefit_cost_ratio
critical_spares,Critical spares holding (reduced repair time),2500000.0,100000.0,10.0,472573.7217426883,22708255.00718877,61630731.882448584,181192842.19490832,360719926.8959976,20414966.605843242,54435768.52748761,147644739.694738,328650942.8051147,2293288.4013455287,7194963.354960971,33548102.50017032,32068984.090882897,32784.26151605095,1.3920053216059003,0.024152437440062884,0.13326685561735305,0.20606816023026922,4.852763274455199
gas_detection_upgrade,Improved gas detection coverage,1500000.0,30000.0,15.0,205244.31740402998,22708255.00718877,61630731.882448584,181192842.19490832,360719926.8959976,20824938.377489135,56480100.15952504,157081317.97102067,319300600.6310753,1883316.6296996363,5150631.722923547,24111524.223887652,41419326.26492226,72690.23748886908,0.9042882635904714,0.024152437440062884,0.13326685561735305,0.1089802501434736,9.175974533766349
compressor_pm,Improved compressor preventive maintenance,1200000.0,200000.0,5.0,500547.7454802037,22708255.00718877,61630731.882448584,181192842.19490832,360719926.8959976,21118537.58377778,57249089.89976498,180024202.99050996,358393999.31599855,1589717.4234109893,4381641.982683606,1168639.2043983638,2325927.5799990296,19943.564583587784,0.8254662033324394,0.024152437440062884,0.13326685561735305,0.3148658611328544,3.175955616153827
inspection_programme,Increased inspection frequency (risk-based inspection),800000.0,250000.0,5.0,450365.1636534691,22708255.00718877,61630731.882448584,181192842.19490832,360719926.8959976,21857602.731362343,58606623.46168185,167204129.61765447,344752603.7438423,850652.2758264281,3024108.4207667336,13988712.577253848,15967323.15215528,51826.80354449763,0.43118664454543776,0.024152437440062884,0.13326685561735305,0.5294350893447374,1.8888056725474387
ptw_competence,Permit-to-work and isolation competence programme,500000.0,150000.0,5.0,275228.2272834182,22708255.00718877,61630731.882448584,181192842.19490832,360719926.8959976,21987879.07758773,59832020.21740771,173234757.96307185,344960705.6744669,720375.9296010397,1798711.665040873,7958084.231836468,15759221.221530676,51288.537233264025,0.3478333577421875,0.024152437440062884,0.13326685561735305,0.3820619429022923,2.617376628521564
generator_redundancy,Fourth gas-turbine generator,3500000.0,150000.0,20.0,506482.73088102706,22708255.00718877,61630731.882448584,181192842.19490832,360719926.8959976,22433109.997189816,60874948.08313403,181192842.19490832,360384185.4207766,275145.00999895483,755783.799314551,0.0,335741.47522097826,6891.98198881226,0.1420853597441507,0.024152437440062884,0.08236017588502743,1.8407847225103264,0.5432465772729109
deluge_coverage,Additional deluge coverage and valve duplication,1800000.0,40000.0,15.0,250293.18088483598,22708255.00718877,61630731.882448584,181192842.19490832,360719926.8959976,22604209.381283082,61598422.67096685,180025849.201551,351950777.1852661,104045.62590568885,32309.21148173511,1166992.9933573306,8769149.710731506,41900.1161276147,0.035762131811157616,0.015892076573335967,0.13326685561735305,2.4056098342059262,0.41569500830133266
firewater_pump,Additional diesel firewater pump,2200000.0,50000.0,20.0,274074.8594109313,22708255.00718877,61630731.882448584,181192842.19490832,360719926.8959976,22614149.928001385,61586193.100584686,180557239.83702946,352709921.216557,94105.07918738574,44538.78186389804,635602.3578788638,8010005.679440558,41646.63655130911,0.032771654050643306,0.020342539547518544,0.13326685561735305,2.9124342891756423,0.3433553861512349
emergency_response,Faster emergency response,600000.0,100000.0,10.0,189417.6932182452,22708255.00718877,61630731.882448584,181192842.19490832,360719926.8959976,22697837.493555956,61630731.882448584,181162522.12157038,359785217.5153226,10417.513632815331,0.0,30320.073337942362,934709.3806749582,7659.69791321451,0.005882378391216747,0.024152437440062884,0.13326685561735305,18.18262014283106,0.05499757417493399
