,firewater_pump,gas_detection_upgrade,inspection_programme,emergency_response,generator_redundancy,compressor_pm,deluge_coverage,critical_spares,ptw_competence,standalone
firewater_pump,0.0,-82516.6957879588,-9941.072086628526,-1.4901161193847656e-08,-3.725290298461914e-09,-7.450580596923828e-09,-90881.12653762475,-7.450580596923828e-09,-9941.072086635977,115484.93816637248
gas_detection_upgrade,-82516.6957879588,0.0,-154932.47425468266,-7.450580596923828e-09,0.0,-3.725290298461914e-09,-94454.21265245602,-3.725290298461914e-09,-160724.86301097274,1887448.1659154594
inspection_programme,-9941.072086628526,-154932.47425468266,0.0,-7.450580596923828e-09,3.725290298461914e-09,0.0,-13381.747086618096,-93832.4601592198,-75195.86447840929,883694.8191323765
emergency_response,-1.4901161193847656e-08,-7.450580596923828e-09,-7.450580596923828e-09,0.0,-7.450580596923828e-09,-7.450580596923828e-09,-1.1175870895385742e-08,-1.1175870895385742e-08,-1.1175870895385742e-08,18565.110896710306
generator_redundancy,-3.725290298461914e-09,0.0,3.725290298461914e-09,-7.450580596923828e-09,0.0,0.0,-3.725290298461914e-09,-24024.142010826617,-3.725290298461914e-09,273946.01025645435
compressor_pm,-7.450580596923828e-09,-3.725290298461914e-09,0.0,-7.450580596923828e-09,0.0,0.0,-3.725290298461914e-09,-469476.1563790962,-3.725290298461914e-09,1580962.9103499427
deluge_coverage,-90881.12653762475,-94454.21265245602,-13381.747086618096,-1.1175870895385742e-08,-3.725290298461914e-09,-3.725290298461914e-09,0.0,-7.450580596923828e-09,-13381.747086618096,130748.78475302085
critical_spares,-7.450580596923828e-09,-3.725290298461914e-09,-93832.4601592198,-1.1175870895385742e-08,-24024.142010826617,-469476.1563790962,-7.450580596923828e-09,0.0,-3.725290298461914e-09,2265239.0503358915
ptw_competence,-9941.072086635977,-160724.86301097274,-75195.86447840929,-1.1175870895385742e-08,-3.725290298461914e-09,-3.725290298461914e-09,-13381.747086618096,-3.725290298461914e-09,0.0,742541.5813588761
