parameter,eal_swing,rank_tornado,spearman_rho,abs_rho,rank_spearman,S1,rank_S1,mean_rank
bi_value_fraction,8297143.862571659,1.0,0.5298408115050719,0.5298408115050719,1.0,0.2508935365584968,1.0,1.0
pipeline_rate_per_km_yr,3196088.709848877,6.0,0.3148343427146419,0.3148343427146419,2.0,0.09557273735878145,2.0,3.3333333333333335
comp_weibull_scale_years,3166209.3600579165,7.0,-0.27467271670447935,0.27467271670447935,3.0,0.07612157517623903,4.0,4.666666666666667
rel_flange_seal_rate,3529158.4706872515,3.0,0.19626310164438526,0.19626310164438526,6.0,0.07131451181805042,6.0,5.0
ptw_isolation_failure_prob,4031842.716670748,2.0,0.19082894268089173,0.19082894268089173,8.0,0.05731038029142975,7.0,5.666666666666667
rel_valve_rate,2778028.2573590763,8.0,0.24938874617966358,0.24938874617966358,4.0,0.07244361484524524,5.0,5.666666666666667
weather_rate,3360279.4679086767,4.0,0.20034218963868522,0.20034218963868522,5.0,0.049690175102911446,8.0,5.666666666666667
comp_production_impact,1494958.8849943765,11.0,0.1911636322727017,0.1911636322727017,7.0,0.08827168448685281,3.0,7.0
production_rate_factor,2211628.9066768326,9.0,0.16573809836311476,0.16573809836311476,9.0,0.045295636096975775,9.0,9.0
comp_repair_days,3276779.3679339327,5.0,0.13334839592747455,0.13334839592747455,11.0,0.04050923948376788,11.0,9.0
pipeline_repair_days,1119895.7058310509,12.0,0.12107156919730747,0.12107156919730747,13.0,0.036131432507314765,13.0,12.666666666666666
rel_corrosion_rate,1685708.298850514,10.0,0.14194626216413853,0.14194626216413853,10.0,0.02615175581496649,23.0,14.333333333333334
