parameter,spearman_rho,abs_rho,p_value
bi_value_fraction,0.6060587253670334,0.6060587253670334,1.7978311764771445e-41
ptw_isolation_failure_prob,0.28538803367521043,0.28538803367521043,6.203068704055445e-09
rel_flange_seal_rate,0.2839510246939043,0.2839510246939043,7.440852637624238e-09
pipeline_rate_per_km_yr,0.25149400933755833,0.25149400933755833,3.4639374000970984e-07
rel_valve_rate,0.22235838973993585,0.22235838973993585,7.136401123552972e-06
comp_repair_days,0.20385502409390058,0.20385502409390058,3.998720466534654e-05
comp_weibull_scale_years,-0.1966107288170551,0.1966107288170551,7.538624204393402e-05
weather_rate,0.16030093938087114,0.16030093938087114,0.0012962347847393601
p_release_given_ptw_failure,0.1500410627566422,0.1500410627566422,0.0026255960568481395
production_rate_factor,0.14026943918399487,0.14026943918399487,0.00494619764209387
rel_corrosion_rate,0.13024318901993137,0.13024318901993137,0.009111853093615577
comp_weibull_shape,0.12741829636435226,0.12741829636435226,0.010747729060148137
pipeline_repair_days,0.12496165601035006,0.12496165601035006,0.01237651936795874
fw_pump_ftr_per_h,-0.11384714904468153,0.11384714904468153,0.02277274517622268
dt_explosion_days,0.10718860742879643,0.10718860742879643,0.03209371990866372
gen_mttr_h,0.10337914611966323,0.10337914611966323,0.038766901285776714
psv_pfd,0.09507434421465134,0.09507434421465134,0.057453899453572634
comp_production_impact,0.0875802973768586,0.0875802973768586,0.08020682084867224
gd_coverage_small,-0.08084244276526728,0.08084244276526728,0.10643369011447894
p_riser_rupture_given_collision,-0.07756454727842049,0.07756454727842049,0.12143696791585706
ign_isolation_factor,0.07206870042937769,0.07206870042937769,0.15022572845959858
fw_elec_pump_fts,0.06991356195976224,0.06991356195976224,0.16283391752810497
fw_diesel_ccf_beta,0.0685127407046294,0.0685127407046294,0.17144546492984228
gen_lambda_per_h,-0.06845011531322069,0.06845011531322069,0.17183823776544668
dmg_explosion,-0.06824161401008755,0.06824161401008755,0.17315074746216938
dmg_catastrophic,0.06465434158963493,0.06465434158963493,0.19691508810202163
fd_beta,-0.05939230870192938,0.05939230870192938,0.23594815869869476
p_exp_medium,0.05529878311739448,0.05529878311739448,0.26987131873931974
spurious_trip_rate,0.04746010912568203,0.04746010912568203,0.34375841216707825
esc_catastrophic,-0.045364033525209534,0.045364033525209534,0.3655145201544133
esd_lambda_du,0.043848274051712814,0.043848274051712814,0.3817688633863888
dt_minor_fire_days,-0.04252582828642679,0.04252582828642679,0.3963050752473547
gd_lambda_du,0.040759379746123404,0.040759379746123404,0.41623276399724346
fw_elec_ccf_beta,0.03589166182288639,0.03589166182288639,0.47410408180356806
weather_damage_prob,0.03136088350552191,0.03136088350552191,0.5317028932627242
overpressure_demand_rate,0.03107419421371383,0.03107419421371383,0.5354628124235095
gd_beta,-0.030687191794948717,0.030687191794948717,0.5405594159290665
p_manual_activation_fail,0.030670316689479303,0.030670316689479303,0.5407822000914325
fw_pump_maint_unavail,-0.028100238126488288,0.028100238126488288,0.5752362057381991
p_ign_medium,-0.02740404627528922,0.02740404627528922,0.584744041324589
power_restart_days,-0.025817973862336637,0.025817973862336637,0.6066722703102729
p_exp_small,-0.024354527215795098,0.024354527215795098,0.6272236836804764
esc_explosion,0.023239082744267153,0.023239082744267153,0.643085056008558
dt_catastrophic_days,-0.022614516340727128,0.022614516340727128,0.6520381580248295
gd_coverage_medium,0.022409202557515984,0.022409202557515984,0.6549923391649549
deluge_lambda_du,0.021279882999268744,0.021279882999268744,0.671336974272909
p_ign_small,0.02083381771136069,0.02083381771136069,0.6778363294668451
gen_ccf_beta,0.02080906755667223,0.02080906755667223,0.678197655322491
p_exp_large,-0.02034875217970112,0.02034875217970112,0.6849311285403213
dt_escalated_days,0.01992799954999719,0.01992799954999719,0.6911077895977039
p_large_release,0.019757748485928036,0.019757748485928036,0.6936129411163081
fw_header_fail,-0.01886580541128382,0.01886580541128382,0.7067914252926195
p_ign_large,-0.01882436765229782,0.01882436765229782,0.7074058395160971
er_delay_escalation_multiplier,-0.018659741623385143,0.018659741623385143,0.709848687693334
dmg_major_fire,0.015025593909961936,0.015025593909961936,0.7644911798386832
fd_lambda_du,0.01374496090600566,0.01374496090600566,0.7840447626309487
dt_major_fire_days,-0.012487390546190913,0.012487390546190913,0.803379398242012
fw_diesel_pump_fts,-0.0062002887518046975,0.0062002887518046975,0.9016170376558211
esc_major_fire,-0.004080025500159376,0.004080025500159376,0.9351672063940512
collision_rate,-0.0031286445540284623,0.0031286445540284623,0.9502624341150345
gd_coverage_large,0.00234676466727917,0.00234676466727917,0.9626818157088034
esd_beta,-0.002108263176644854,0.002108263176644854,0.9664721090397482
pipeline_repair_cost_usd,-0.0019305120657004105,0.0019305120657004105,0.9692974458945275
p_er_delayed,-0.0007108169426058912,0.0007108169426058912,0.9886928777343094
