parameter,unit,definition,value_low,value_median,value_high,eal_low,p99_low,eal_high,p99_high,eal_base,eal_swing,p99_base,p99_swing
bi_value_fraction,fraction,Economic loss per deferred barrel as a fraction of the oil price,0.4,0.5261387212474169,0.6775255128608411,15235635.839019181,106976618.29611978,23505440.380360827,164422634.221563,18994362.591950096,8269804.541341646,133632009.7510116,57446015.92544323
ptw_isolation_failure_prob,probability per job,"Probability a breaking-containment job has an isolation/PTW failure (wrong isolation, not proven, procedural deviation)",0.00021112102876996277,0.0013881081914711834,0.004603769001576377,17783840.416119255,122139093.21256423,22015840.83327009,170032627.82028797,18994362.591950096,4232000.417150836,133632009.7510116,47893534.60772374
rel_flange_seal_rate,per platform-year,"Release frequency from flanges, seals and small-bore fittings",0.042487527322429414,0.1,0.23536319080449153,18007511.851059407,132118164.68288104,21458507.853289586,156134084.58519542,18994362.591950096,3450996.0022301786,133632009.7510116,24015919.90231438
weather_rate,per year,Rate of extreme weather events requiring precautionary shut-in and de-manning,0.23308755371783701,0.4,0.6864373384504572,17791670.161386684,132151006.9959481,21124987.874921776,139260326.90884918,18994362.591950096,3333317.713535093,133632009.7510116,7109319.912901074
comp_repair_days,days,Median repair duration of a compressor failure,5.097617696340303,7.7951631770045715,11.225112614897679,17542218.118627563,131607522.94386756,20840775.24957309,137965120.5528545,18994362.591950096,3298557.130945526,133632009.7510116,6357597.608986944
pipeline_rate_per_km_yr,per km-year,Export pipeline loss-of-containment frequency,0.00021243763661214706,0.0005,0.0011768159540224577,18051951.27505515,98638785.58957103,21311317.53276112,191828909.26080912,18994362.591950096,3259366.257705968,133632009.7510116,93190123.6712381
comp_weibull_scale_years,years,Weibull scale (years since overhaul at which expected cumulative failures = 1),3.0,3.630693606237085,4.387627564304205,20819871.930192467,137352689.10061893,17670854.283004705,132460436.29493919,18994362.591950096,3149017.647187762,133632009.7510116,4892252.8056797385
rel_valve_rate,per platform-year (equipment factor 1.0),"Hydrocarbon release frequency from valve leaks (stem, body, gland)",0.033990021857943524,0.08,0.18829055264359323,17882500.52783376,120561358.1208382,20875064.64848335,158638534.9880651,18994362.591950096,2992564.120649591,133632009.7510116,38077176.8672269
production_rate_factor,multiplier,Actual production relative to nominal platform capacity,0.9112372435695795,0.9869306393762916,1.05,17791921.10095434,125883270.3703603,19996262.6284893,139813747.21974006,18994362.591950096,2204341.5275349617,133632009.7510116,13930476.849379763
rel_corrosion_rate,per platform-year,Release frequency from pipework corrosion/erosion at nominal inspection effectiveness,0.021243763661214707,0.05,0.11768159540224576,18744785.83686503,138978799.0175914,20420518.99309174,155847289.64329278,18994362.591950096,1675733.1562267095,133632009.7510116,16868490.625701398
comp_production_impact,fraction,Fraction of complex production lost while one compressor train is down,0.31123724356957944,0.3869306393762916,0.45,18173460.93982455,132080127.39796004,19678355.452657674,134776081.17805582,18994362.591950096,1504894.5128331222,133632009.7510116,2695953.780095786
pipeline_repair_days,days,Median outage duration for an export pipeline repair,33.22875655532295,50.31373033403114,72.25176065070116,18519324.64242511,112829686.41233742,19604337.010010686,163732524.35844857,18994362.591950096,1085012.367585577,133632009.7510116,50902837.94611114
gd_coverage_small,probability,Probability a small release reaches enough gas detectors to trigger (geometric coverage),0.48366600265340753,0.587082869338697,0.6775431162690528,19521731.26343322,140201627.42773515,18530392.08951454,128480541.3052286,18994362.591950096,991339.1739186831,133632009.7510116,11721086.122506544
gen_lambda_per_h,per hour,Failure/trip rate of one gas-turbine generator,8.740783264418887e-05,0.00015,0.00025741400191892143,18713518.138168022,132082230.3257471,19636135.501434773,135871594.67990202,18994362.591950096,922617.3632667512,133632009.7510116,3789364.3541549146
spurious_trip_rate,per complex-year,"Rate of spurious platform trips (instrument failures, procedural deviations)",3.920549684131035,4.628949942883244,5.417982273544088,18570546.254317537,133233422.761987,19469899.105328053,134453043.60898277,18994362.591950096,899352.8510105163,133632009.7510116,1219620.846995771
comp_weibull_shape,dimensionless,Weibull (power-law NHPP) shape parameter for compressor train failures,1.4,1.6522774424948339,1.9550510257216824,18583286.531728078,133409726.8300929,19272662.900938258,134779761.4692779,18994362.591950096,689376.3692101799,133632009.7510116,1370034.6391849816
p_ign_medium,probability,"Ignition probability of a medium, unisolated release",0.030954451150103323,0.045358983848622456,0.06450806661517033,18700490.834495805,124912209.41226317,19317970.510231476,144355703.31816912,18994362.591950096,617479.6757356711,133632009.7510116,19443493.905905947
p_release_given_ptw_failure,probability,Probability an isolation failure results in a hydrocarbon release,0.1894427190999916,0.30000000000000004,0.4105572809000084,18733541.84298181,136175817.5446761,19259014.007523198,136622916.32222953,18994362.591950096,525472.1645413861,133632009.7510116,447098.77755343914
dt_major_fire_days,days,Median platform downtime after a major fire,69.64751508773247,102.05771365940052,145.14314988413327,18772369.260554533,128025661.98281354,19290890.622662384,140480500.5817049,18994362.591950096,518521.3621078506,133632009.7510116,12454838.598891377
p_ign_small,probability,"Ignition probability of a small, unisolated release",0.007738612787525831,0.011339745962155614,0.016127016653792584,18784853.579858404,125813586.51570003,19264087.778390076,141461973.86557373,18994362.591950096,479234.19853167236,133632009.7510116,15648387.349873707
gd_coverage_medium,probability,Gas detection coverage for medium releases,0.7924264068711928,0.8448683298050513,0.8920526680779794,19215309.664897658,138075208.75945878,18783530.6247092,128025661.98281354,18994362.591950096,431779.0401884578,133632009.7510116,10049546.776645243
collision_rate,per year,Rate of significant vessel impacts on the complex,0.0042487527322429405,0.01,0.023536319080449154,18887281.292944722,133632009.7510116,19256943.93456108,134779909.07915953,18994362.591950096,369662.64161635935,133632009.7510116,1147899.328147933
power_restart_days,days,Median time to restore production after a total power loss,1.547722557505166,2.2679491924311224,3.2254033307585166,18844091.15127777,132399533.16064316,19194130.28418343,133638641.2385686,18994362.591950096,350039.13290566206,133632009.7510116,1239108.0779254436
overpressure_demand_rate,per platform-year,Rate of process upsets demanding pressure protection,0.21243763661214704,0.5,1.1768159540224576,18825333.05736347,134573348.64751244,19172289.400616158,135575956.41891667,18994362.591950096,346956.34325268865,133632009.7510116,1002607.7714042366
psv_pfd,probability per demand,"Probability pressure protection (PSV/HIPPS) fails on demand, leading to loss of containment",0.0042487527322429405,0.01,0.023536319080449154,18825333.05736347,134573348.64751244,19172289.400616158,135575956.41891667,18994362.591950096,346956.34325268865,133632009.7510116,1002607.7714042366
ign_isolation_factor,multiplier,"Multiplier on ignition probability when the release is isolated (shorter duration, smaller cloud)",0.3894427190999916,0.5,0.6105572809000084,18843950.680829067,129289859.39609267,19168574.19896819,137008760.87720317,18994362.591950096,324623.5181391239,133632009.7510116,7718901.481110498
p_large_release,probability,Fraction of releases that are large (> ~10 kg/s),0.013719675595196146,0.0426623823774877,0.09611330469884567,18921898.376712505,129289859.39609267,19223837.482464146,141894686.51405546,18994362.591950096,301939.1057516411,133632009.7510116,12604827.117962793
gen_ccf_beta,fraction,"Beta-factor for common-cause loss of all generators (fuel gas, control system, switchboard)",0.03549193338482967,0.055278640450004204,0.08,18879317.588351563,133597784.94654909,19163296.001320098,133696997.24959178,18994362.591950096,283978.412968535,133632009.7510116,99212.30304269493
gen_mttr_h,hours,Mean time to restore a failed generator,18.119288512538816,32.808164115469154,54.472878159834686,18921111.75635838,132082230.3257471,19132249.64150249,133642244.47331616,18994362.591950096,211137.88514410704,133632009.7510116,1560014.1475690603
p_exp_medium,probability,"Explosion probability given ignition, medium gas release",0.11449637662132067,0.1578045554270711,0.20876894374382338,18888994.70999506,130937916.13212214,19066340.067729384,135870837.17700446,18994362.591950096,177345.35773432255,133632009.7510116,4932921.044882312
dt_minor_fire_days,days,Median platform downtime after a minor (controlled) fire,11.012480529547776,16.435340033749462,23.93369964475876,18925163.17525835,133632009.7510116,19090046.81737116,135797409.23922807,18994362.591950096,164883.64211281016,133632009.7510116,2165399.4882164747
dmg_major_fire,fraction,Mean damage fraction (of platform replacement value) for a major fire,0.04643167672515498,0.06803847577293368,0.0967620999227555,18922286.328586884,129279025.81265742,19086155.699815225,137008760.87720317,18994362.591950096,163869.371228341,133632009.7510116,7729735.064545751
p_ign_large,probability,"Ignition probability of a large, unisolated release",0.09376388603226826,0.13886944614553565,0.20030090544084328,18950699.683880016,132399533.16064316,19107961.675768547,136982782.45192018,18994362.591950096,157261.99188853055,133632009.7510116,4583249.291277021
deluge_lambda_du,per hour,Dangerous-undetected failure rate of a deluge valve set (fail to open / blocked nozzles),1.2746258196728823e-06,3e-06,7.060895724134746e-06,18947463.038976464,132082230.3257471,19095931.14179468,136680309.97616297,18994362.591950096,148468.10281821713,133632009.7510116,4598079.650415868
dt_explosion_days,days,Median platform downtime after an explosion,122.86335345030997,166.07695154586736,223.524199845511,18936428.62460907,132399533.16064316,19071378.7894781,133632009.7510116,18994362.591950096,134950.16486902907,133632009.7510116,1232476.5903684348
pipeline_repair_cost_usd,USD,Median direct repair cost of a pipeline failure,6097617.696340304,8795163.177004572,12225112.61489768,18946795.3917958,130937916.13212214,19054844.645950984,137264433.7670971,18994362.591950096,108049.25415518507,133632009.7510116,6326517.634974942
dmg_explosion,fraction,Mean damage fraction for an explosion,0.09376388603226826,0.13886944614553565,0.20030090544084328,18950263.69569965,133632009.7510116,19050642.21077365,133632009.7510116,18994362.591950096,100378.51507399976,133632009.7510116,0.0
fw_header_fail,probability per demand,"Probability the firewater ring main/header cannot deliver (impaired section, blockage, closed isolation valve)",0.0005707459958949473,0.002,0.007008371550163706,18984631.07945309,132399533.16064316,19062680.302428726,135440029.58215702,18994362.591950096,78049.22297563776,133632009.7510116,3040496.4215138555
weather_damage_prob,probability per event,Probability an extreme weather event causes structural/topsides damage,0.03549193338482967,0.055278640450004204,0.08,18962873.47301323,133632009.7510116,19030037.782355,134775488.87409976,18994362.591950096,67164.30934176967,133632009.7510116,1143479.1230881661
p_exp_large,probability,"Explosion probability given ignition, large gas release",0.2170820393249937,0.30000000000000004,0.3829179606750064,18979620.86707374,132399533.16064316,19032235.422919743,135870837.17700446,18994362.591950096,52614.55584600195,133632009.7510116,3471304.016361296
esd_lambda_du,per hour,Dangerous-undetected failure rate of an ESD valve (fail to close),1.0621881830607352e-06,2.5e-06,5.884079770112289e-06,18982698.838343512,132399533.16064316,19034931.506879207,135440029.58215702,18994362.591950096,52232.66853569448,133632009.7510116,3040496.4215138555
dt_escalated_days,days,Median downtime of a platform damaged by escalation from a neighbour,46.431676725154986,68.03847577293368,96.7620999227555,18973125.244650148,132399533.16064316,19024209.51101541,133632009.7510116,18994362.591950096,51084.26636526361,133632009.7510116,1232476.5903684348
dt_catastrophic_days,days,Median platform downtime after a catastrophic event,325.99107071667765,403.0863133248478,511.93752217885304,18972747.987752467,133632009.7510116,19017659.39536817,133632009.7510116,18994362.591950096,44911.4076157026,133632009.7510116,0.0
gd_coverage_large,probability,Gas detection coverage for large releases,0.9212132034355964,0.9474341649025256,0.9710263340389897,19020296.401186362,135440029.58215702,18975963.218034443,132399533.16064316,18994362.591950096,44333.183151919395,133632009.7510116,3040496.4215138555
fw_pump_maint_unavail,fraction of time,Fraction of time a firewater pump is out of service for maintenance,0.016324555320336758,0.025505102572168224,0.03904554884989668,18994362.591950096,133632009.7510116,19035377.05250388,134779909.07915953,18994362.591950096,41014.46055378392,133632009.7510116,1147899.328147933
dmg_catastrophic,fraction,Mean damage fraction for a catastrophic event,0.3448683298050514,0.46282917548737157,0.5939339828220178,18975576.81701358,133632009.7510116,19014260.97618548,133632009.7510116,18994362.591950096,38684.15917189792,133632009.7510116,0.0
p_exp_small,probability,Probability an ignited small gas release leads to an explosion (delayed ignition in congestion),0.016324555320336758,0.025505102572168224,0.03904554884989668,18994362.591950096,133632009.7510116,19022402.97840017,133632009.7510116,18994362.591950096,28040.386450074613,133632009.7510116,0.0
esc_major_fire,probability per adjacent platform,Probability a major fire escalates across one bridge to an adjacent platform,0.03549193338482967,0.055278640450004204,0.08,18971435.554598503,132082230.3257471,18997648.619961556,133632009.7510116,18994362.591950096,26213.065363053232,133632009.7510116,1549779.4252644926
gd_lambda_du,per hour,Dangerous-undetected failure rate of a point gas detector,6.373129098364412e-07,1.5e-06,3.530447862067373e-06,18994275.692906145,133632009.7510116,19012028.181375377,134779909.07915953,18994362.591950096,17752.488469231874,133632009.7510116,1147899.328147933
er_delay_escalation_multiplier,multiplier,Multiplier on escalation probability when response is delayed,1.773861278752583,2.133974596215561,2.6127016653792583,18988001.57341271,132399533.16064316,18997628.73468219,133632009.7510116,18994362.591950096,9627.161269482225,133632009.7510116,1232476.5903684348
fw_diesel_pump_fts,probability per demand,Probability the diesel-driven standby firewater pump fails to start on demand,0.00806348436968169,0.012836528772848172,0.019180190577514748,18994362.591950096,133632009.7510116,19003292.620956223,133632009.7510116,18994362.591950096,8930.029006127268,133632009.7510116,0.0
esc_explosion,probability per adjacent platform,Probability an explosion escalates to an adjacent platform,0.0874165738677394,0.1359824574900862,0.19900980486407216,18994103.580959924,133632009.7510116,18997628.73468219,133632009.7510116,18994362.591950096,3525.153722267598,133632009.7510116,0.0
esc_catastrophic,probability per adjacent platform,Probability a catastrophic event escalates to an adjacent platform,0.2670820393249937,0.35,0.4329179606750063,18992566.025688305,133632009.7510116,18994920.371597376,133632009.7510116,18994362.591950096,2354.3459090702236,133632009.7510116,0.0
esd_beta,fraction,Beta-factor for common-cause failure of the two ESD valves,0.07236067977499791,0.1,0.1276393202250021,18994275.692906145,133632009.7510116,18996401.62384793,133632009.7510116,18994362.591950096,2125.930941786617,133632009.7510116,0.0
p_riser_rupture_given_collision,probability,"Probability a collision ruptures a riser, giving a large hydrocarbon release on WHP",0.07738612787525831,0.11339745962155613,0.16127016653792586,18994045.937616218,133632009.7510116,18995240.915010337,133632009.7510116,18994362.591950096,1194.977394118905,133632009.7510116,0.0
gd_beta,fraction,Beta-factor for common-cause failure of gas detectors in one zone,0.03549193338482967,0.055278640450004204,0.08,18994275.692906145,133632009.7510116,18994979.612480212,133632009.7510116,18994362.591950096,703.9195740669966,133632009.7510116,0.0
p_er_delayed,probability,Probability the emergency response to a fire/explosion is materially delayed,0.15,0.21306936062370846,0.28876275643042054,18993821.441980083,133632009.7510116,18994362.591950096,133632009.7510116,18994362.591950096,541.1499700136483,133632009.7510116,0.0
fw_diesel_ccf_beta,fraction,Beta-factor for common-cause failure to start of diesel firewater pumps (only used with two or more diesel pumps),0.07738612787525831,0.11339745962155613,0.16127016653792586,18994362.591950096,133632009.7510116,18994362.591950096,133632009.7510116,18994362.591950096,0.0,133632009.7510116,0.0
fw_pump_ftr_per_h,per hour,Firewater pump fail-to-run rate during a fire,2.1243763661214705e-05,5e-05,0.00011768159540224578,18994362.591950096,133632009.7510116,18994362.591950096,133632009.7510116,18994362.591950096,0.0,133632009.7510116,0.0
p_manual_activation_fail,probability,Probability operators fail to activate deluge manually when automatic fire detection fails,0.1894427190999916,0.30000000000000004,0.4105572809000084,18994362.591950096,133632009.7510116,18994362.591950096,133632009.7510116,18994362.591950096,0.0,133632009.7510116,0.0
fw_elec_pump_fts,probability per demand,Probability an electric-motor firewater pump fails to start on demand,0.021851976639307977,0.027134088081736455,0.03318132829381518,18994362.591950096,133632009.7510116,18994362.591950096,133632009.7510116,18994362.591950096,0.0,133632009.7510116,0.0
fd_beta,fraction,Beta-factor for flame detectors in one zone,0.03549193338482967,0.055278640450004204,0.08,18994362.591950096,133632009.7510116,18994362.591950096,133632009.7510116,18994362.591950096,0.0,133632009.7510116,0.0
fd_lambda_du,per hour,Dangerous-undetected failure rate of a flame detector,8.497505464485881e-07,2e-06,4.70726381608983e-06,18994362.591950096,133632009.7510116,18994362.591950096,133632009.7510116,18994362.591950096,0.0,133632009.7510116,0.0
fw_elec_ccf_beta,fraction,Beta-factor for common-cause failure to start of the two electric firewater pumps,0.07738612787525831,0.11339745962155613,0.16127016653792586,18994362.591950096,133632009.7510116,18994362.591950096,133632009.7510116,18994362.591950096,0.0,133632009.7510116,0.0
