event_id,date,year,platform,category,subcategory,outcome,downtime_h,lost_production_bbl,direct_cost_usd,business_interruption_usd,liquid_released_bbl
SYN-0001,2014-03-07,2014,WHP,mechanical,spurious_trip,spurious_trip,12.4,13323.0,150000.0,772900.0,0.0
SYN-0002,2014-03-26,2014,UCP,mechanical,compressor,compressor_train_failure,448.6,285528.0,1049700.0,16564000.0,0.0
SYN-0003,2014-05-15,2014,PPB,mechanical,spurious_trip,spurious_trip,5.2,3877.0,150000.0,224900.0,0.0
SYN-0004,2014-06-30,2014,PPA,mechanical,spurious_trip,spurious_trip,2.8,3633.0,150000.0,210700.0,0.0
SYN-0005,2014-09-27,2014,UCP,mechanical,spurious_trip,spurious_trip,9.4,15529.0,150000.0,900800.0,0.0
SYN-0006,2014-11-06,2014,UCP,mechanical,compressor,compressor_train_failure,296.1,188456.0,905100.0,10932700.0,0.0
SYN-0007,2014-11-26,2014,UCP,mechanical,compressor,compressor_train_failure,76.2,48520.0,1466900.0,2814700.0,0.0
SYN-0008,2014-12-03,2014,UCP,mechanical,spurious_trip,spurious_trip,4.4,7263.0,150000.0,421300.0,0.0
SYN-0009,2015-01-09,2015,PPA,mechanical,spurious_trip,spurious_trip,17.1,21807.0,150000.0,831200.0,0.0
SYN-0010,2015-04-09,2015,UCP,mechanical,compressor,compressor_train_failure,217.5,138456.0,5160800.0,5277600.0,0.0
SYN-0011,2015-06-25,2015,UCP,mechanical,compressor,compressor_train_failure,383.9,244363.0,2327400.0,9314400.0,0.0
SYN-0012,2016-04-18,2016,PPB,mechanical,spurious_trip,spurious_trip,7.9,5833.0,150000.0,226600.0,0.0
SYN-0013,2016-05-08,2016,PPA,process_safety,release,controlled_release,37.2,47389.0,188500.0,1840700.0,0.0
SYN-0014,2016-05-19,2016,UCP,mechanical,compressor,compressor_train_failure,182.9,116435.0,976100.0,4522600.0,0.0
SYN-0015,2016-07-01,2016,UCP,process_safety,release,controlled_release,39.2,64439.0,157100.0,2503000.0,0.0
SYN-0016,2016-08-12,2016,WHP,mechanical,spurious_trip,spurious_trip,4.8,5150.0,150000.0,200100.0,0.0
SYN-0017,2016-09-08,2016,PPB,mechanical,spurious_trip,spurious_trip,7.2,5334.0,150000.0,207200.0,0.0
SYN-0018,2016-11-24,2016,PPB,mechanical,spurious_trip,spurious_trip,9.7,7192.0,150000.0,279400.0,0.0
SYN-0019,2017-01-11,2017,UCP,process_safety,release,controlled_release,133.6,219725.0,161900.0,9084600.0,0.0
SYN-0020,2017-03-17,2017,UCP,mechanical,spurious_trip,spurious_trip,13.9,22811.0,150000.0,943100.0,0.0
SYN-0021,2017-04-11,2017,WHP,mechanical,spurious_trip,spurious_trip,6.6,7067.0,150000.0,292200.0,0.0
SYN-0022,2017-04-30,2017,PPB,mechanical,spurious_trip,spurious_trip,13.3,9812.0,150000.0,405700.0,0.0
SYN-0023,2017-05-11,2017,UCP,mechanical,spurious_trip,spurious_trip,10.4,17071.0,150000.0,705800.0,0.0
SYN-0024,2017-05-13,2017,UCP,mechanical,spurious_trip,spurious_trip,8.4,13846.0,150000.0,572500.0,0.0
SYN-0025,2017-05-31,2017,UCP,mechanical,spurious_trip,spurious_trip,13.7,22553.0,150000.0,932500.0,0.0
SYN-0026,2017-06-05,2017,PPA,mechanical,spurious_trip,spurious_trip,6.8,8701.0,150000.0,359700.0,0.0
SYN-0027,2017-07-18,2017,PPA,mechanical,spurious_trip,spurious_trip,4.1,5221.0,150000.0,215900.0,0.0
SYN-0028,2017-07-28,2017,WHP,mechanical,spurious_trip,spurious_trip,28.9,31139.0,150000.0,1287400.0,0.0
SYN-0029,2017-08-04,2017,PPB,mechanical,spurious_trip,spurious_trip,10.7,7889.0,150000.0,326200.0,0.0
SYN-0030,2017-08-08,2017,PPB,mechanical,spurious_trip,spurious_trip,6.2,4602.0,150000.0,190300.0,0.0
SYN-0031,2018-01-05,2018,UCP,mechanical,power_loss,total_power_loss,37.2,61209.0,1152500.0,1669700.0,0.0
SYN-0032,2018-04-06,2018,WHP,mechanical,spurious_trip,spurious_trip,13.4,14440.0,150000.0,393900.0,0.0
SYN-0033,2018-04-23,2018,UCP,mechanical,compressor,compressor_train_failure,60.5,38510.0,913900.0,1050500.0,0.0
SYN-0034,2018-04-28,2018,UCP,mechanical,compressor,compressor_train_failure,126.3,80412.0,380000.0,2193500.0,0.0
SYN-0035,2018-09-20,2018,UCP,mechanical,spurious_trip,spurious_trip,14.7,24192.0,150000.0,659900.0,0.0
SYN-0036,2018-09-29,2018,WHP,mechanical,spurious_trip,spurious_trip,4.1,4397.0,150000.0,119900.0,0.0
SYN-0037,2018-11-11,2018,PPB,mechanical,spurious_trip,spurious_trip,13.0,9615.0,150000.0,262300.0,0.0
SYN-0038,2019-01-27,2019,PPB,mechanical,spurious_trip,spurious_trip,7.8,5747.0,150000.0,167100.0,0.0
SYN-0039,2019-02-01,2019,PPA,mechanical,spurious_trip,spurious_trip,7.8,9912.0,150000.0,288300.0,0.0
SYN-0040,2019-03-04,2019,PPA,mechanical,spurious_trip,spurious_trip,6.5,8246.0,150000.0,239800.0,0.0
SYN-0041,2019-03-08,2019,UCP,mechanical,spurious_trip,spurious_trip,12.5,20621.0,150000.0,599700.0,0.0
SYN-0042,2019-03-18,2019,UCP,mechanical,compressor,compressor_train_failure,958.7,610143.0,2615000.0,17744100.0,0.0
SYN-0043,2019-03-24,2019,WHP,process_safety,release,minor_fire,1330.8,1445224.0,5014700.0,42029800.0,131.8
SYN-0044,2019-04-12,2019,UCP,process_safety,release,controlled_release,28.8,47421.0,168400.0,1379100.0,0.0
SYN-0045,2019-04-27,2019,WHP,mechanical,spurious_trip,spurious_trip,7.6,8196.0,150000.0,238400.0,0.0
SYN-0046,2019-06-03,2019,PPA,mechanical,spurious_trip,spurious_trip,10.7,13609.0,150000.0,395800.0,0.0
SYN-0047,2019-07-03,2019,PPA,mechanical,spurious_trip,spurious_trip,27.6,35127.0,150000.0,1021600.0,0.0
SYN-0048,2019-09-13,2019,UCP,mechanical,spurious_trip,spurious_trip,11.1,18277.0,150000.0,531500.0,0.0
SYN-0049,2019-10-10,2019,UCP,mechanical,compressor,compressor_train_failure,576.6,366954.0,1098600.0,10671700.0,0.0
SYN-0050,2020-02-07,2020,WHP,process_safety,release,controlled_release,14.6,15671.0,160200.0,796400.0,0.0
SYN-0051,2020-02-13,2020,PPB,mechanical,spurious_trip,spurious_trip,4.3,3159.0,150000.0,160500.0,0.0
SYN-0052,2020-02-23,2020,WHP,mechanical,spurious_trip,spurious_trip,9.3,9995.0,150000.0,507900.0,0.0
SYN-0053,2020-03-09,2020,PPB,mechanical,spurious_trip,spurious_trip,7.1,5227.0,150000.0,265700.0,0.0
SYN-0054,2020-04-12,2020,PPB,mechanical,spurious_trip,spurious_trip,14.5,10754.0,150000.0,546500.0,0.0
SYN-0055,2020-04-24,2020,PPB,mechanical,spurious_trip,spurious_trip,11.3,8353.0,150000.0,424500.0,0.0
SYN-0056,2020-06-15,2020,WHP,mechanical,spurious_trip,spurious_trip,8.6,9267.0,150000.0,470900.0,0.0
SYN-0057,2020-06-30,2020,WHP,mechanical,spurious_trip,spurious_trip,5.3,5742.0,150000.0,291800.0,0.0
SYN-0058,2020-07-11,2020,PPB,process_safety,release,controlled_release,20.9,15498.0,288400.0,787600.0,0.0
SYN-0059,2020-08-13,2020,UCP,mechanical,spurious_trip,spurious_trip,3.6,5983.0,150000.0,304000.0,0.0
SYN-0060,2020-11-22,2020,UCP,mechanical,power_loss,total_power_loss,50.1,82411.0,1681100.0,4188000.0,0.0
SYN-0061,2020-11-24,2020,UCP,mechanical,spurious_trip,spurious_trip,9.3,15295.0,150000.0,777200.0,0.0
SYN-0062,2020-12-23,2020,UCP,mechanical,compressor,compressor_train_failure,528.0,336026.0,566500.0,17076200.0,0.0
SYN-0063,2021-02-04,2021,UCP,mechanical,spurious_trip,spurious_trip,16.4,26970.0,150000.0,1098800.0,0.0
SYN-0064,2021-06-08,2021,WHP,mechanical,spurious_trip,spurious_trip,2.8,3052.0,150000.0,124400.0,0.0
SYN-0065,2021-06-14,2021,UCP,mechanical,compressor,compressor_train_failure,73.6,46848.0,449900.0,1908700.0,0.0
SYN-0066,2022-02-11,2022,PPB,process_safety,release,controlled_release,28.3,20926.0,155900.0,2111400.0,0.0
SYN-0067,2022-04-10,2022,PPB,mechanical,spurious_trip,spurious_trip,14.1,10404.0,150000.0,1049700.0,0.0
SYN-0068,2022-04-23,2022,PPB,mechanical,spurious_trip,spurious_trip,29.3,21691.0,150000.0,2188600.0,0.0
SYN-0069,2022-07-13,2022,UCP,mechanical,spurious_trip,spurious_trip,5.7,9322.0,150000.0,940600.0,0.0
SYN-0070,2022-08-18,2022,PPA,mechanical,spurious_trip,spurious_trip,14.8,18841.0,150000.0,1901100.0,0.0
SYN-0071,2022-08-26,2022,PPA,mechanical,spurious_trip,spurious_trip,23.3,29663.0,150000.0,2993000.0,0.0
SYN-0072,2022-09-20,2022,complex,external,weather,precautionary_shut_in,53.6,88106.0,1000000.0,8889900.0,0.0
SYN-0073,2022-12-19,2022,UCP,mechanical,compressor,compressor_train_failure,298.8,190166.0,2180600.0,19187700.0,0.0
SYN-0074,2022-12-19,2022,WHP,mechanical,spurious_trip,spurious_trip,15.6,16788.0,150000.0,1693900.0,0.0
SYN-0075,2023-05-07,2023,complex,external,weather,precautionary_shut_in,65.3,107371.0,1000000.0,2715200.0,0.0
SYN-0076,2023-06-25,2023,complex,external,weather,precautionary_shut_in,101.4,166824.0,1000000.0,4218600.0,0.0
SYN-0077,2023-07-25,2023,PPA,mechanical,spurious_trip,spurious_trip,25.1,31967.0,150000.0,808400.0,0.0
SYN-0078,2024-02-02,2024,PPB,process_safety,release,controlled_release,42.7,31595.0,168200.0,1498800.0,0.0
SYN-0079,2024-02-06,2024,complex,external,weather,precautionary_shut_in,17.4,28588.0,1000000.0,1356100.0,0.0
SYN-0080,2024-04-16,2024,UCP,mechanical,spurious_trip,spurious_trip,11.1,18326.0,150000.0,869400.0,0.0
SYN-0081,2024-04-20,2024,PPB,process_safety,release,controlled_release,109.2,80851.0,165600.0,3835400.0,0.0
SYN-0082,2024-06-11,2024,complex,external,weather,precautionary_shut_in,49.5,81389.0,1000000.0,3860900.0,0.0
SYN-0083,2024-06-23,2024,PPA,mechanical,spurious_trip,spurious_trip,20.0,25484.0,150000.0,1208900.0,0.0
SYN-0084,2024-08-22,2024,PPB,mechanical,spurious_trip,spurious_trip,6.9,5127.0,150000.0,243200.0,0.0
SYN-0085,2024-11-09,2024,UCP,mechanical,spurious_trip,spurious_trip,1.2,2007.0,150000.0,95200.0,0.0
SYN-0086,2025-06-03,2025,UCP,mechanical,spurious_trip,spurious_trip,2.9,4702.0,150000.0,305000.0,0.0
SYN-0087,2025-07-31,2025,UCP,mechanical,compressor,compressor_train_failure,456.5,290570.0,1807400.0,18847200.0,0.0
SYN-0088,2025-08-27,2025,PPB,process_safety,release,controlled_release,117.4,86922.0,183500.0,5638000.0,0.0
SYN-0089,2025-09-11,2025,PPB,mechanical,spurious_trip,spurious_trip,10.4,7678.0,150000.0,498000.0,0.0
SYN-0090,2025-12-28,2025,UCP,mechanical,spurious_trip,spurious_trip,3.8,6297.0,150000.0,408500.0,0.0
